{
  "about.html": 1767728191.7894118,
  "admin/README.md": 1767728191.7895103,
  "admin/admin.css": 1769103414.7794504,
  "admin/admin.js": 1768854765.919314,
  "admin/api.php": 1768854836.5279942,
  "admin/conflicts.php": 1767728191.7898254,
  "admin/conflicts_api.php": 1767728191.7899039,
  "admin/db_config.php": 1768942115.7421446,
  "admin/events_detail.php": 1768854750.4829264,
  "admin/history.php": 1767728191.790102,
  "admin/history_api.php": 1767728191.7901685,
  "admin/index.php": 1767728191.79022,
  "admin/locations_detail.php": 1768848084.7628217,
  "admin/tags_detail.php": 1768848013.9615512,
  "admin/websites_detail.php": 1768848079.9182563,
  "api/auth.php": 1767728191.7905633,
  "api/config.example.php": 1767728191.7906175,
  "api/edit_logger.php": 1767728191.7906904,
  "api/events.php": 1767728191.7907774,
  "api/feedback.php": 1767728191.7908342,
  "api/locations.php": 1767728191.7910645,
  "api/sync.php": 1767728191.791135,
  "api/websites.php": 1767728191.7912092,
  "css/README.md": 1767728191.7912903,
  "css/filter-panel.css": 1768938473.941952,
  "css/fonts.css": 1767728191.7914102,
  "css/index.css": 1767728191.7914615,
  "css/layout.css": 1768938451.075062,
  "css/map.css": 1768938494.1912522,
  "css/modals.css": 1768938486.6961877,
  "css/popups.css": 1767728191.79178,
  "css/tags.css": 1767728191.7918553,
  "css/variables.css": 1767728191.791938,
  "data/map-style-dark.json": 1767728191.8083763,
  "data/map-style-light.json": 1767728191.808452,
  "data/related_tags.json": 1767728191.8099988,
  "data/tags.json": 1767728191.810167,
  "index.html": 1767813677.02525,
  "js/README.md": 1767728191.8437302,
  "js/core/constants.js": 1768091551.3757539,
  "js/core/urlParams.js": 1767728191.8440237,
  "js/core/utils.js": 1768833347.7641833,
  "js/data/dataManager.js": 1768833454.3942165,
  "js/data/filterManager.js": 1768833416.8023431,
  "js/data/searchManager.js": 1768833470.714003,
  "js/map/mapManager.js": 1767728191.844593,
  "js/map/markerController.js": 1767728191.8446746,
  "js/map/viewportManager.js": 1768833366.8948903,
  "js/script.js": 1767728191.8448708,
  "js/tags/README.md": 1767728191.8449917,
  "js/tags/filterPanelUI.js": 1767728191.8450978,
  "js/tags/relatedTagsManager.js": 1767728191.8451807,
  "js/tags/searchController.js": 1767728191.8452563,
  "js/tags/sectionRenderer.js": 1767728191.8453293,
  "js/tags/selectedTagsDisplay.js": 1767728191.8454058,
  "js/tags/tagColorManager.js": 1767728191.845473,
  "js/tags/tagStateManager.js": 1768833488.3666968,
  "js/ui/emojiManager.js": 1767728191.8456879,
  "js/ui/feedbackManager.js": 1767728191.845766,
  "js/ui/gestureHandler.js": 1767728191.8458385,
  "js/ui/modalManager.js": 1767728191.8459086,
  "js/ui/popupContentBuilder.js": 1768833513.4265141,
  "js/ui/themeManager.js": 1767728191.846106,
  "js/ui/toastNotifier.js": 1767728191.846154,
  "js/ui/uiManager.js": 1768833525.4706342
}