{
  "about.html": 1766512926.7077174,
  "index.html": 1767623151.7773595,
  "admin/admin.css": 1767295321.0458257,
  "admin/admin.js": 1767295114.9841456,
  "admin/api.php": 1767294804.4313157,
  "admin/conflicts.php": 1767364715.5787168,
  "admin/conflicts_api.php": 1767364649.1380355,
  "admin/db_config.php": 1767320959.6581366,
  "admin/events_detail.php": 1767239696.7332802,
  "admin/history.php": 1767364893.699826,
  "admin/history_api.php": 1767370860.2382765,
  "admin/index.php": 1767288681.1397116,
  "admin/locations_detail.php": 1767239650.5181167,
  "admin/README.md": 1767369920.3913374,
  "admin/tags_detail.php": 1767239749.9813337,
  "admin/websites_detail.php": 1767243392.9980776,
  "api/auth.php": 1767364247.375468,
  "api/config.example.php": 1766513991.3852737,
  "api/config.php": 1766512649.1375077,
  "api/edit_logger.php": 1767372571.3411598,
  "api/events.php": 1767364459.9453447,
  "api/feedback.php": 1766514205.9129498,
  "api/locations.php": 1767364315.2350237,
  "api/sync.php": 1767364516.970543,
  "api/websites.php": 1767364380.1568527,
  "css/filter-panel.css": 1767019804.4631538,
  "css/fonts.css": 1763994990.1194382,
  "css/index.css": 1765724700.7063558,
  "css/layout.css": 1767557278.889642,
  "css/map.css": 1767558114.813981,
  "css/modals.css": 1767556907.5327072,
  "css/popups.css": 1767294016.0149884,
  "css/README.md": 1763995890.928502,
  "css/tags.css": 1767556174.7158184,
  "css/variables.css": 1767020728.9091396,
  "data/map-style-dark.json": 1767452289.9940932,
  "data/map-style-light.json": 1767039084.8637712,
  "data/related_tags.json": 1764089834.3800893,
  "data/tags.json": 1764866539.1675808,
  "js/README.md": 1764789957.2619388,
  "js/script.js": 1767557311.1912737,
  "js/core/constants.js": 1766503153.705499,
  "js/core/urlParams.js": 1765724698.839355,
  "js/core/utils.js": 1764811125.9655712,
  "js/data/dataManager.js": 1764811159.057187,
  "js/data/filterManager.js": 1765724684.5224166,
  "js/data/searchManager.js": 1766163287.9294446,
  "js/map/mapManager.js": 1767558142.8832078,
  "js/map/markerController.js": 1766112895.7838602,
  "js/map/viewportManager.js": 1767037584.7066522,
  "js/tags/filterPanelUI.js": 1767553026.5336404,
  "js/tags/README.md": 1764790158.77082,
  "js/tags/relatedTagsManager.js": 1764640048.1050844,
  "js/tags/searchController.js": 1764789872.4353156,
  "js/tags/sectionRenderer.js": 1767552959.755612,
  "js/tags/selectedTagsDisplay.js": 1764700904.9536667,
  "js/tags/tagColorManager.js": 1764702653.2066946,
  "js/tags/tagStateManager.js": 1764777962.748186,
  "js/ui/emojiManager.js": 1764640046.6223724,
  "js/ui/feedbackManager.js": 1766512942.0173109,
  "js/ui/gestureHandler.js": 1763945136.6556308,
  "js/ui/modalManager.js": 1766438972.559912,
  "js/ui/popupContentBuilder.js": 1764876513.5152225,
  "js/ui/themeManager.js": 1764876369.5253656,
  "js/ui/toastNotifier.js": 1763940847.4759839,
  "js/ui/uiManager.js": 1764778227.160951
}